{"cameraMode":{"drawMode":0,"name":"Shaded","section":"Shading Mode"},"sceneLighting":true,"audioPlay":false,"sceneViewState":{"m_AlwaysRefresh":false,"showFog":true,"showSkybox":true,"showFlares":true,"showImageEffects":true,"showParticleSystems":true,"showVisualEffectGraphs":true,"m_FxEnabled":true},"in2DMode":false,"pivot":{"x":0.23713701963424684,"y":1.0720000267028809,"z":-0.01836681365966797},"rotation":{"x":0.034165237098932269,"y":-0.1374819427728653,"z":0.004745045211166143,"w":0.9899051189422607},"size":2.0157346725463869,"orthographic":false}